NÃ‰V,mst01,mst02,mst03,mst04,mst05,mst06,mst07,mst08,mst09,mst10,mst11,mst12,mst13,mst14,mst15,mst16,mst17,mst18,mst19,mst20,mst21,mst22,mst23,mst24,mst25,mst26,mst27,mst28,mst29,mst30,mst31,mst32,mst33,mst34,mst35,mst36,mst37,mst38,mst39,mst40,mst41,mst42,mst43,mst44,mst45,mst46,mst47,mst48,mst49,mst50,mst51,mst52,mst53,mst54,mst55,mst56,mst57,mst58,mst59,mst60,mst61,mst62,mst63,mst64,mst65,mst66,mst67,mst68,mst69,mst70,mst71,mst72,mst73,mst74,mst75,mst76,mst77,mst78,mst79,mst80,mst81,mst82,mst83,mst84,mst85,mst86,mst87,mst88,mst89,mst90
mst01,0,0,3,0,4,4,5,5,3,0,2,3,1,0,2,5,5,5,2,5,5,0,2,0,4,3,3,2,2,4,5,0,0,1,5,0,4,1,2,4,0,4,0,2,1,2,5,3,3,5,3,1,1,5,5,4,2,2,3,1,5,2,1,3,5,2,4,1,5,5,1,5,0,2,5,1,5,2,5,4,2,1,4,5,4,2,0,1,4,0
mst02,0,0,0,3,4,3,5,2,1,5,4,3,2,1,1,5,5,0,3,3,1,1,4,3,5,0,0,0,1,1,3,2,0,4,5,2,2,1,1,1,1,2,1,0,1,1,1,1,2,2,0,5,4,2,0,2,5,1,5,4,4,5,0,0,1,1,3,3,1,2,1,3,0,3,0,2,5,0,1,1,4,5,2,5,4,2,1,1,3,4
mst03,3,0,0,4,3,2,1,4,0,5,0,1,2,3,4,2,2,4,4,2,5,1,1,0,3,5,4,1,5,3,3,0,1,0,3,4,3,4,5,3,0,4,5,4,0,1,2,5,2,4,4,4,5,2,1,5,0,4,4,4,1,0,1,4,4,0,1,1,0,2,2,0,0,2,1,3,3,4,4,2,5,0,3,0,3,0,0,1,1,0
mst04,1,5,5,0,2,2,4,2,0,4,3,5,0,3,2,3,2,1,1,1,1,3,1,4,3,0,2,4,5,4,5,4,4,1,2,5,1,5,1,5,2,0,2,2,0,0,3,3,0,2,1,2,4,1,2,0,1,5,4,0,1,4,5,5,0,0,3,1,0,3,1,5,1,3,4,3,1,1,5,2,2,1,5,3,4,0,0,1,4,3
mst05,3,0,5,1,0,3,0,3,1,5,4,3,1,3,3,2,3,5,4,4,2,5,4,1,2,3,0,5,0,3,2,1,5,0,4,5,2,3,4,0,3,4,2,4,5,2,0,0,4,3,5,5,3,2,5,0,0,1,0,0,2,1,0,0,0,1,0,0,5,0,2,1,1,4,0,2,4,3,0,0,1,2,5,3,0,1,1,1,3,0
mst06,2,3,2,4,3,0,0,1,2,5,4,0,2,4,3,0,3,0,1,4,1,2,1,2,3,4,2,1,4,1,3,1,5,3,4,1,5,4,5,5,1,3,5,2,3,5,2,0,3,0,5,1,5,3,1,2,2,5,1,1,0,1,3,2,0,3,3,5,0,2,1,1,3,0,0,1,4,1,5,1,5,2,0,2,5,3,3,5,1,4
mst07,2,0,4,3,1,3,0,0,4,1,2,1,1,2,5,5,0,5,1,2,1,1,5,5,3,1,1,1,3,2,3,1,2,3,4,5,3,3,2,5,2,4,1,2,4,0,2,4,0,3,5,0,4,2,2,0,5,4,3,2,3,1,0,5,4,2,3,3,2,2,1,5,3,4,0,0,0,4,0,2,0,4,5,1,5,5,5,3,4,3
mst08,3,1,2,5,4,0,0,0,4,3,2,0,2,5,2,4,5,1,0,1,3,3,1,3,0,1,1,1,3,0,3,5,4,5,0,2,1,1,1,1,3,2,4,2,2,2,5,3,5,0,2,4,1,5,2,3,4,4,1,2,3,4,3,3,5,2,3,4,2,2,5,0,0,3,4,4,0,4,0,3,3,3,5,0,4,3,2,3,2,2
mst09,2,1,5,1,3,4,1,2,0,1,5,0,5,1,1,2,3,2,0,0,3,1,2,0,2,2,5,2,0,3,2,4,1,3,4,2,3,0,2,1,0,3,5,0,4,5,3,2,5,1,0,1,5,4,0,4,3,2,0,1,5,4,0,4,3,2,2,2,3,0,2,3,4,1,2,3,0,2,0,1,5,4,3,0,2,1,1,0,2,3
mst10,5,1,1,4,2,2,2,0,2,0,5,4,0,4,3,4,2,2,2,2,4,1,5,4,1,1,1,1,3,4,2,4,1,0,3,3,1,3,3,1,0,3,3,4,0,3,0,0,5,5,5,0,4,3,3,1,2,4,0,0,1,1,3,4,0,4,4,2,0,2,1,5,5,4,4,1,2,5,1,0,1,4,2,5,0,1,1,3,1,2
mst11,0,4,2,2,4,5,5,4,0,0,0,5,5,0,0,2,0,0,4,5,0,1,4,5,0,3,2,1,4,0,2,5,5,4,4,3,3,5,1,3,2,1,4,2,5,2,0,4,1,4,0,0,0,1,3,5,1,3,3,5,4,2,1,4,4,0,1,1,0,0,5,0,1,1,5,4,3,2,5,1,2,0,4,3,2,1,1,4,4,1
mst12,5,3,1,5,4,2,5,4,5,0,5,0,1,4,2,5,3,4,4,3,2,2,3,0,3,3,4,1,0,1,2,0,4,1,0,5,4,0,2,0,5,1,0,0,4,4,5,1,0,3,4,5,5,0,0,4,1,0,3,5,3,2,2,1,5,1,4,5,4,2,1,0,4,0,3,2,4,4,1,4,2,0,2,1,5,5,3,4,1,4
mst13,5,0,1,1,3,3,0,3,4,0,3,4,0,5,0,1,4,3,5,5,2,2,4,1,0,2,3,4,1,1,5,4,4,2,3,3,5,3,5,1,5,4,5,4,2,4,3,4,1,0,4,3,3,4,0,3,5,0,3,3,0,2,1,0,2,3,1,3,1,4,2,3,4,5,1,1,3,0,3,5,0,0,3,3,5,4,3,1,2,0
mst14,4,5,4,3,3,1,1,3,1,3,3,1,2,0,2,0,1,4,3,0,0,4,4,4,3,4,5,2,4,4,2,3,0,1,4,3,2,2,0,5,2,3,2,0,1,4,4,1,0,1,1,2,5,2,3,0,5,3,5,1,4,3,5,0,5,4,3,2,5,1,5,5,5,2,2,2,3,1,5,4,0,2,1,1,1,2,5,0,5,0
mst15,5,0,4,3,0,1,4,0,0,5,3,5,3,2,0,0,0,4,4,1,3,4,3,5,0,0,1,2,2,0,0,4,0,5,0,3,5,0,5,1,0,3,1,5,2,0,0,0,0,3,5,5,1,3,2,1,0,0,2,0,0,1,0,0,0,5,0,5,3,1,0,4,3,0,0,5,3,5,4,0,1,3,0,2,3,1,0,2,3,2
mst16,2,0,4,3,5,2,2,5,2,0,4,1,3,0,2,0,5,5,2,5,2,4,0,4,0,0,3,3,5,2,1,4,1,5,5,4,3,5,4,4,3,0,0,0,2,5,1,2,0,4,5,4,0,2,0,0,5,0,2,0,3,3,2,0,0,1,2,0,3,4,0,3,4,4,5,3,0,1,3,5,1,3,0,3,3,2,5,4,3,1
mst17,1,3,3,2,3,4,5,3,1,1,2,2,4,1,2,4,0,5,1,0,3,0,2,4,0,1,1,2,4,3,3,1,0,2,3,3,2,1,0,4,1,3,1,0,2,4,5,2,4,3,3,3,4,3,2,1,5,5,0,1,4,5,5,0,0,3,4,4,0,5,3,0,3,0,0,5,0,1,1,1,5,2,2,2,4,4,5,0,5,0
mst18,4,1,3,5,0,3,5,1,4,5,2,2,0,4,4,2,2,0,5,3,5,1,4,1,2,0,1,2,2,5,5,1,2,5,2,4,5,1,5,1,5,0,5,4,1,1,5,3,1,3,2,3,0,0,1,4,4,5,2,0,2,3,5,5,1,1,2,1,5,0,5,4,0,5,2,2,0,0,3,2,3,2,2,4,4,2,5,5,5,0
mst19,3,0,1,3,2,2,3,5,5,1,0,3,1,2,2,2,0,3,0,4,1,4,3,3,2,3,2,4,4,1,0,0,2,0,3,1,0,0,5,1,1,3,4,0,5,1,1,2,4,3,3,1,3,5,3,2,3,1,1,0,2,1,1,1,2,3,3,4,2,1,0,1,1,4,3,4,3,1,4,0,3,4,1,4,2,0,2,1,4,0
mst20,5,4,0,0,0,4,2,2,0,5,0,0,4,2,5,5,2,3,1,0,4,3,1,0,1,4,1,1,3,1,2,2,0,0,3,2,2,0,2,0,3,2,5,0,1,2,1,5,1,4,0,2,3,3,3,4,4,0,1,2,4,1,2,4,3,0,5,1,3,0,5,5,2,4,4,1,3,3,5,3,3,4,2,5,4,2,5,4,0,0
mst21,5,5,2,1,4,3,2,2,5,4,0,1,1,0,4,4,3,4,1,5,0,5,4,1,2,2,1,4,4,0,4,0,4,3,3,4,1,5,5,1,0,0,5,4,2,0,2,3,2,1,5,5,0,0,5,5,0,0,0,2,0,4,0,2,2,2,0,1,4,1,0,5,2,2,1,1,4,1,0,0,1,4,2,3,0,3,1,5,2,3
mst22,4,5,4,5,1,1,1,3,1,5,2,2,2,4,5,0,0,1,4,5,1,0,3,4,2,2,5,0,2,0,4,4,3,4,5,3,0,5,1,1,1,3,0,4,2,3,5,3,5,2,3,2,3,4,4,5,4,3,2,2,5,1,3,0,0,2,3,0,1,2,2,1,2,0,5,0,4,5,4,4,1,1,5,1,5,0,0,5,1,3
mst23,5,2,0,1,2,0,0,4,5,3,2,4,1,5,3,4,4,0,3,5,1,3,0,2,4,2,2,0,4,2,2,4,2,2,4,5,5,3,3,5,2,1,1,4,2,0,1,3,4,2,1,4,2,0,4,1,2,3,2,3,3,3,5,1,5,5,3,1,1,3,1,1,1,0,0,3,2,1,5,5,4,2,0,1,0,3,0,0,2,2
mst24,5,5,5,1,3,1,3,3,3,0,4,4,1,1,2,2,0,3,1,0,3,3,0,0,0,3,1,3,1,1,2,4,2,2,4,0,0,5,3,1,5,2,5,3,2,1,1,0,1,1,0,5,1,2,4,0,5,1,3,1,3,2,4,3,1,2,2,1,3,2,5,1,1,1,0,0,0,3,2,5,1,3,1,1,2,3,1,0,4,0
mst25,4,2,4,3,4,2,0,0,3,0,2,2,0,5,3,2,0,2,4,3,2,2,2,4,0,5,0,0,3,0,3,4,1,2,3,1,5,0,2,5,2,4,4,0,4,2,1,5,2,0,3,5,3,3,5,4,3,1,1,5,1,4,2,2,1,2,4,5,0,2,0,2,0,3,4,0,1,4,4,2,2,1,4,2,0,0,0,1,5,3
mst26,5,1,2,5,3,4,0,5,1,2,0,0,0,2,1,0,3,4,2,1,5,2,0,3,4,0,3,4,3,4,1,1,2,1,2,1,5,5,3,4,1,3,3,0,4,4,4,1,2,5,2,2,2,3,0,3,1,1,2,1,5,4,3,3,4,4,4,3,5,1,4,4,4,2,5,1,1,3,1,2,3,2,0,2,0,0,0,0,3,0
mst27,4,3,0,5,3,2,1,5,4,4,1,1,1,4,5,2,4,3,5,1,1,1,5,5,0,2,0,1,4,0,5,5,0,1,0,3,4,3,1,5,3,4,3,4,0,3,3,4,0,2,4,2,5,0,1,1,5,0,3,5,5,2,3,5,1,5,4,1,2,2,0,3,4,3,5,2,0,1,5,2,5,3,4,0,4,4,2,5,4,4
mst28,1,2,1,0,0,3,5,3,4,4,3,0,0,0,5,0,1,1,1,0,3,5,0,1,0,0,4,0,2,5,2,0,3,5,3,2,2,1,0,5,5,4,3,3,3,5,0,0,4,2,2,1,4,5,4,4,4,4,0,0,4,0,2,1,4,4,0,4,3,3,5,1,3,0,5,0,5,0,0,1,1,0,1,5,4,4,5,4,4,5
mst29,1,3,3,5,5,1,0,3,3,5,2,2,5,0,3,4,0,0,2,0,4,0,2,3,3,1,3,0,0,3,5,3,0,2,0,2,5,5,3,5,4,1,3,0,1,1,1,1,3,1,0,4,2,4,4,5,4,2,4,4,2,3,3,0,5,1,4,1,0,4,5,5,0,5,3,2,2,1,5,1,1,0,3,4,3,2,1,5,4,0
mst30,3,0,1,4,3,4,5,1,1,2,2,4,4,4,2,4,5,4,5,0,5,4,0,4,1,1,2,4,4,0,3,1,3,1,3,1,3,5,3,1,3,3,4,3,3,2,1,4,1,4,4,5,2,0,4,0,0,4,1,2,4,0,1,1,1,4,1,5,0,0,0,0,3,0,1,4,1,3,0,5,1,0,2,0,5,1,1,4,2,5
mst31,2,1,2,2,3,2,5,2,0,3,4,3,3,2,2,5,0,3,3,2,1,5,3,5,2,2,2,3,3,4,0,4,5,2,2,3,3,0,2,1,3,5,4,0,5,2,2,1,3,0,4,0,4,2,4,2,3,2,1,1,5,3,1,1,4,3,4,3,0,1,1,3,0,1,2,0,4,5,0,3,3,1,0,3,4,1,0,5,4,1
mst32,3,4,0,0,1,1,4,2,5,5,2,1,0,0,4,5,4,2,3,2,2,4,5,0,2,0,4,1,3,2,1,0,1,4,0,2,5,2,3,1,5,4,4,1,4,0,5,4,4,2,3,1,1,5,4,0,2,5,5,2,5,3,5,5,4,2,3,2,2,5,0,4,0,3,3,0,4,0,1,2,0,3,3,4,3,1,4,4,1,0
mst33,0,0,4,5,0,3,1,4,5,1,4,0,5,3,2,0,0,0,5,5,3,4,0,2,2,5,4,0,4,3,2,1,0,3,2,2,4,1,2,3,1,3,3,3,3,4,5,0,3,1,2,0,0,5,2,2,3,1,0,4,3,4,1,3,1,2,0,1,2,1,1,3,1,2,0,3,4,5,1,5,2,1,0,2,2,2,3,1,4,0
mst34,4,1,0,1,3,3,3,2,4,4,1,3,5,3,2,1,5,2,4,3,3,4,0,1,4,3,3,5,4,3,2,1,1,0,2,1,2,2,0,2,4,4,3,5,2,4,1,1,5,3,0,4,2,5,5,0,0,0,0,4,3,5,5,2,3,3,3,4,3,5,2,4,2,4,5,3,2,3,2,4,1,4,5,0,4,5,2,2,5,4
mst35,2,5,0,2,3,2,4,2,0,0,5,5,3,0,3,5,1,2,0,2,0,5,3,1,0,2,1,2,2,4,0,5,3,3,0,3,2,3,4,0,2,3,2,5,4,1,4,0,3,1,2,0,3,5,3,0,1,2,2,3,1,2,5,4,0,0,1,0,5,2,0,0,4,2,2,5,5,1,5,0,1,3,0,4,0,3,1,0,1,2
mst36,4,0,3,3,4,5,0,1,4,3,0,3,0,5,3,3,5,0,3,4,5,4,3,3,3,4,2,4,5,4,4,3,3,4,2,0,2,2,3,2,0,1,5,1,0,1,3,0,0,5,1,5,0,0,2,3,4,1,2,0,0,5,3,4,1,4,1,0,0,3,0,5,1,0,5,3,5,2,3,1,3,4,2,0,0,0,4,4,3,2
mst37,5,2,3,1,4,5,4,0,4,4,2,5,3,5,3,2,4,3,5,1,4,4,0,4,4,1,4,0,1,3,4,5,3,2,4,3,0,2,1,0,4,0,5,3,1,4,5,1,2,4,4,3,4,2,2,1,1,5,4,4,2,4,4,5,4,5,3,1,3,5,4,2,0,4,2,3,0,2,5,4,1,5,2,5,5,5,5,3,2,1
mst38,2,5,5,2,3,0,5,3,5,3,1,1,0,2,1,5,1,2,5,1,3,3,1,2,4,1,5,4,5,0,2,0,1,2,3,3,4,0,2,3,4,0,2,4,4,5,1,5,4,3,3,4,2,4,4,5,1,0,5,2,5,2,5,3,4,0,3,4,3,1,5,2,1,5,5,3,4,1,4,3,5,0,0,2,0,2,5,0,0,3
mst39,5,1,0,0,0,0,5,3,3,1,5,5,4,1,3,4,3,0,1,3,3,1,3,2,4,4,1,5,5,0,4,4,3,2,5,5,5,2,0,4,4,2,3,1,3,4,2,0,4,3,4,4,3,4,2,1,1,0,4,0,2,1,0,1,5,1,0,0,2,1,2,2,0,1,2,2,0,0,3,0,1,0,0,4,3,1,5,0,5,2
mst40,0,5,5,1,0,5,5,0,1,3,2,0,5,0,1,4,0,0,1,1,2,5,4,2,5,4,2,1,1,2,3,1,4,4,4,3,4,1,4,0,2,3,0,0,5,3,0,3,2,0,4,0,1,2,5,5,4,3,4,5,2,2,5,5,1,4,4,2,3,3,5,3,2,5,1,0,5,0,3,2,3,1,5,4,4,3,2,5,3,1
mst41,5,3,4,3,3,5,1,4,2,4,3,2,4,4,5,1,1,2,5,3,3,5,3,0,1,0,1,3,3,2,3,3,2,1,4,0,5,4,1,3,0,4,4,3,3,2,1,2,3,3,3,4,3,0,1,5,4,3,2,4,3,1,1,4,3,0,1,0,0,1,5,1,4,5,1,2,0,1,0,3,1,1,1,4,1,2,4,2,3,4
mst42,2,1,2,3,0,0,5,0,1,5,5,3,2,1,3,1,4,4,2,3,2,5,5,3,1,2,3,5,1,5,5,2,5,3,1,5,0,2,2,3,2,0,3,2,1,3,0,5,0,0,2,3,3,3,1,0,0,2,4,4,5,1,1,4,5,2,0,3,5,0,0,3,1,0,4,4,2,3,4,3,1,5,0,1,3,3,2,5,3,5
mst43,4,1,3,4,1,1,5,5,5,5,3,4,5,3,0,2,1,1,5,3,0,4,5,2,4,1,0,1,1,1,4,0,1,3,3,1,5,4,0,1,5,4,0,2,0,0,1,0,4,5,3,1,1,3,0,4,2,5,5,2,4,1,5,3,3,5,0,2,1,1,2,4,1,0,1,5,1,4,1,2,3,0,4,0,2,5,4,3,3,0
mst44,1,4,2,3,1,2,4,1,2,5,1,4,5,0,2,0,5,5,1,3,2,3,3,4,2,2,1,5,1,3,4,2,0,0,1,4,0,4,4,2,3,2,2,0,3,4,3,1,4,3,1,2,4,4,5,5,2,2,5,0,4,3,3,5,3,0,5,1,4,0,5,0,2,3,0,5,1,2,5,5,5,3,3,2,1,5,3,2,0,4
mst45,4,0,1,4,4,4,2,5,1,1,1,2,1,4,3,0,0,0,5,5,0,0,2,5,1,4,3,3,5,3,0,1,5,1,2,3,3,1,0,1,0,1,3,2,0,1,1,1,1,2,0,1,2,0,5,2,4,2,4,4,2,2,3,2,2,1,4,2,2,0,1,3,3,2,2,1,2,0,1,5,3,3,5,5,4,5,5,1,4,1
mst46,1,4,5,4,5,4,0,4,0,1,0,0,1,1,2,1,5,3,2,3,3,4,2,0,2,1,4,4,0,5,4,0,1,5,0,0,2,3,2,5,0,0,2,2,1,0,3,0,4,2,2,3,2,3,1,5,2,5,3,3,4,1,4,5,0,3,0,3,5,4,0,5,4,1,5,0,3,3,3,0,5,4,1,4,5,3,5,2,1,3
mst47,2,4,3,3,3,0,0,2,3,4,4,0,2,0,2,3,0,4,4,2,5,4,4,1,3,3,3,2,5,0,2,2,3,5,1,0,1,4,2,1,1,3,2,1,5,1,0,1,5,3,0,0,2,4,1,3,1,0,3,0,0,4,3,1,1,4,1,0,3,4,5,1,1,3,5,5,3,5,1,4,0,1,2,1,2,3,1,2,1,5
mst48,2,4,3,4,5,0,0,4,3,1,3,2,5,0,2,5,5,5,1,4,3,5,0,4,5,2,3,2,1,4,1,2,1,0,2,4,0,2,5,3,2,0,0,4,1,4,1,0,4,2,3,4,3,2,1,5,3,2,1,1,4,0,0,4,5,2,1,1,0,3,3,1,5,4,5,1,1,3,2,2,3,4,5,2,2,0,1,1,0,5
mst49,4,3,1,3,4,3,5,4,2,2,5,4,1,0,2,1,5,0,2,2,4,2,1,4,1,1,2,5,4,3,1,1,1,2,5,1,5,3,5,4,1,0,4,2,1,1,0,1,0,0,4,5,3,5,0,4,5,0,3,0,2,0,4,3,1,2,2,1,2,2,4,0,0,2,3,1,0,2,4,1,2,5,1,5,1,5,1,5,5,4
mst50,0,4,5,3,4,1,1,2,2,1,0,3,0,1,4,1,5,5,2,2,0,3,1,3,0,5,1,3,0,3,1,5,2,2,1,3,2,3,0,4,2,2,0,0,2,0,0,2,5,0,3,4,0,3,2,3,0,5,3,3,4,5,0,3,3,1,3,2,0,4,0,0,0,2,5,2,0,0,0,1,0,1,0,3,0,5,5,1,4,0
mst51,0,2,5,3,2,4,4,5,5,0,3,5,2,3,3,0,4,2,3,5,0,0,2,5,4,4,5,0,1,3,4,1,1,5,1,1,3,2,2,0,0,1,2,1,0,1,1,3,3,2,0,2,3,3,0,1,3,1,3,4,1,4,5,3,2,4,4,1,3,4,4,5,1,2,4,1,3,3,2,5,0,2,1,0,0,4,1,5,3,5
mst52,0,3,4,5,2,3,2,5,4,0,0,5,1,2,0,0,5,4,2,1,3,2,3,0,5,0,1,2,4,0,4,0,1,3,2,4,4,0,4,0,2,2,4,4,0,4,2,0,4,4,3,0,2,2,1,0,5,3,0,2,1,0,2,3,1,3,1,1,0,2,1,4,5,2,1,5,0,2,1,0,2,4,4,5,4,2,2,4,4,0
mst53,2,1,4,3,4,3,5,5,3,0,1,4,3,0,5,2,3,4,0,3,1,0,2,3,1,1,5,3,4,5,2,1,0,5,2,3,2,5,1,5,4,5,2,0,4,2,1,5,2,4,2,0,0,2,2,0,5,1,0,2,4,1,4,1,1,0,0,0,4,3,2,3,4,5,0,0,3,5,4,4,2,1,1,1,1,0,3,1,3,2
mst54,2,1,4,1,1,1,0,3,5,2,1,3,3,3,0,4,0,2,0,5,3,1,1,4,3,5,1,4,4,3,1,5,1,1,0,3,0,0,5,0,4,5,5,2,3,2,0,1,4,4,5,2,2,0,1,0,4,2,5,2,2,3,1,1,2,5,4,4,3,2,4,0,0,0,4,1,2,4,4,0,0,3,3,2,5,0,3,2,3,3
mst55,5,1,2,2,1,2,5,0,0,3,3,0,5,5,4,2,0,0,5,4,2,4,1,0,5,5,1,2,3,3,5,0,1,0,3,4,3,1,5,5,3,4,0,2,0,3,1,4,3,3,2,1,2,2,0,3,0,5,2,2,4,3,4,3,5,1,2,3,5,0,2,3,4,1,2,5,0,0,0,5,4,0,1,4,1,1,5,5,0,3
mst56,1,0,2,2,0,5,5,0,0,1,4,5,0,0,0,0,5,4,5,4,3,1,2,4,3,4,0,2,0,0,3,5,5,1,5,3,0,4,1,4,2,0,2,1,4,3,5,2,4,5,5,0,1,3,5,0,0,5,0,0,0,4,1,4,2,0,4,2,3,5,1,0,5,2,5,5,5,1,3,5,2,4,1,4,2,1,5,0,0,0
mst57,2,3,1,5,2,4,4,0,0,5,0,1,4,2,4,4,5,2,3,5,2,2,4,1,1,3,1,3,4,5,5,3,0,0,3,1,4,4,1,1,2,3,1,1,1,2,5,4,4,5,5,3,0,0,4,1,0,3,1,1,4,1,4,0,3,5,3,4,1,1,4,0,4,2,2,1,1,1,3,0,3,2,3,0,1,2,5,4,3,5
mst58,4,2,5,0,2,1,2,0,3,4,2,5,4,3,3,5,3,3,2,5,4,0,2,3,3,5,4,5,2,2,1,3,0,0,1,5,0,3,0,2,2,1,4,1,2,2,4,2,2,3,4,5,4,0,1,1,4,0,2,0,4,4,1,2,5,2,5,0,1,1,0,1,5,5,1,2,3,1,0,1,4,0,0,0,3,2,3,5,0,0
mst59,1,4,4,1,3,1,2,2,1,4,0,4,4,0,5,3,2,0,3,2,3,5,2,3,4,4,3,1,2,0,2,5,2,1,5,1,1,1,4,2,1,2,4,5,3,3,2,2,0,4,2,0,4,0,1,3,3,1,0,2,1,4,0,3,0,3,0,5,1,4,5,5,3,1,3,2,1,5,5,3,1,4,5,2,1,4,1,1,4,0
mst60,2,4,4,3,4,0,0,0,3,0,5,0,4,5,2,0,5,1,2,1,3,3,0,1,0,1,3,0,5,0,4,4,4,3,4,1,5,2,4,0,4,3,0,4,1,5,1,3,5,1,3,0,3,3,3,0,0,4,3,0,2,0,3,3,5,1,2,2,5,4,1,3,4,3,4,2,0,1,0,1,5,2,0,5,0,1,3,5,0,1
mst61,4,4,1,4,5,4,3,3,5,0,2,5,0,5,1,4,0,0,4,2,1,3,5,3,3,1,0,5,3,4,4,4,5,5,1,0,1,3,4,5,3,5,1,0,1,1,2,4,4,5,5,5,1,1,3,0,1,4,5,2,0,4,4,4,2,1,5,5,5,1,1,2,5,4,2,3,4,0,3,3,5,0,2,4,4,1,0,4,0,4
mst62,0,2,2,2,5,5,1,3,1,5,2,3,4,4,1,5,4,5,5,2,2,5,2,2,3,1,3,2,3,2,5,2,4,0,1,4,2,1,5,0,1,4,2,1,4,5,1,2,0,1,1,3,2,3,1,4,2,4,4,5,1,0,1,3,3,0,1,1,1,1,1,3,2,2,5,4,4,3,3,2,3,5,5,2,2,3,2,4,5,2
mst63,5,4,1,3,5,1,5,0,0,5,4,4,3,4,5,3,0,1,1,4,2,3,3,3,0,2,1,3,3,5,1,1,4,4,1,4,2,5,4,5,1,4,3,1,2,0,5,3,2,1,5,1,3,3,3,5,3,0,5,2,4,5,0,4,4,1,2,4,2,1,5,5,3,5,5,0,1,1,1,3,1,0,1,4,5,2,2,5,1,0
mst64,1,0,0,3,2,1,3,5,1,5,4,1,4,3,3,4,1,5,4,0,3,3,4,4,4,3,4,2,4,3,2,3,1,4,0,2,5,5,2,1,2,2,2,5,2,1,4,5,0,0,2,2,2,4,1,2,3,3,5,5,0,5,0,0,0,4,5,2,2,2,0,4,1,0,2,3,5,0,2,3,2,0,0,3,5,2,5,5,5,4
mst65,1,2,0,4,5,5,3,3,5,3,0,3,5,1,5,1,5,0,5,5,1,1,0,4,1,0,1,2,4,4,0,5,4,1,1,4,1,5,1,2,5,0,0,2,0,1,0,2,0,5,3,3,3,3,5,4,2,3,5,0,0,3,0,4,0,1,3,0,1,3,5,1,5,5,1,3,3,4,4,1,1,1,0,4,0,5,4,1,4,3
mst66,4,5,1,1,0,4,3,3,3,2,3,0,3,2,2,3,0,3,3,1,4,4,5,3,4,4,0,0,3,3,3,3,2,1,3,3,4,0,1,0,3,4,2,3,3,4,1,3,0,5,2,1,5,3,0,4,2,1,1,3,4,3,0,0,2,0,1,2,2,0,3,0,5,5,0,1,3,2,0,0,4,0,3,4,0,4,4,0,1,2
mst67,1,5,3,3,5,4,5,4,3,1,5,0,2,4,0,4,2,3,3,5,0,5,5,4,0,5,4,2,2,1,2,5,3,2,0,3,0,4,0,4,1,1,0,4,0,0,2,5,5,3,4,4,3,4,0,3,2,3,0,3,0,0,0,0,0,2,0,5,2,0,0,0,4,2,1,5,5,2,0,1,0,4,4,4,3,5,1,0,4,0
mst68,5,0,0,4,0,1,3,3,0,2,2,2,2,4,4,4,4,3,5,3,2,5,5,4,0,0,5,4,5,1,0,2,4,1,4,5,5,3,5,1,0,2,5,4,0,4,0,2,0,0,2,3,5,3,5,5,2,0,2,2,5,5,1,2,5,3,3,0,0,4,2,0,3,1,5,1,1,2,0,3,3,2,5,1,5,0,2,0,2,0
mst69,5,4,1,5,0,2,5,0,4,4,2,4,5,2,5,1,1,3,5,3,2,0,0,3,0,3,0,1,0,1,3,4,2,1,0,3,0,3,3,4,1,5,3,4,1,4,3,3,3,0,2,0,0,5,1,5,3,4,0,5,1,1,0,2,4,3,5,1,0,4,2,0,0,2,5,3,1,4,0,3,4,0,1,4,4,2,4,5,0,4
mst70,2,0,5,5,1,0,5,5,4,3,1,2,3,4,2,0,4,5,4,5,1,4,3,2,3,2,3,3,3,1,4,0,2,5,3,3,5,4,4,2,0,0,1,3,0,5,5,5,5,5,0,0,5,3,4,1,5,4,0,4,3,3,0,5,4,1,2,0,2,0,3,0,2,3,3,4,2,4,0,2,0,5,5,2,2,3,3,5,3,0
mst71,4,0,3,3,1,2,2,4,3,4,4,3,0,3,2,1,4,2,3,0,5,3,2,1,4,4,4,2,5,2,1,1,0,4,5,5,1,2,2,0,0,0,2,5,0,5,5,0,2,3,3,1,4,2,2,1,3,2,0,2,4,0,0,0,2,2,5,5,0,1,0,1,4,2,5,5,0,1,1,1,5,5,2,0,3,5,2,0,1,1
mst72,2,3,1,3,2,4,1,0,2,4,2,5,4,4,5,1,5,2,4,1,0,4,2,4,1,2,1,1,4,0,1,0,1,3,5,3,3,1,1,1,1,0,2,5,2,2,0,1,3,3,5,1,0,2,5,4,1,2,1,3,2,1,5,5,2,4,3,5,3,0,5,0,2,1,1,0,4,0,3,2,3,5,1,0,3,5,1,0,4,0
mst73,0,4,1,0,2,3,5,2,5,2,4,2,4,1,0,1,4,0,3,1,2,0,5,4,1,3,2,1,5,5,0,1,1,2,4,4,0,4,1,4,1,4,0,2,5,2,5,4,3,2,0,5,5,5,0,3,5,4,3,0,2,0,0,1,4,1,2,5,2,4,0,0,0,3,1,3,3,0,3,5,0,5,3,5,0,2,3,1,3,0
mst74,4,5,5,0,2,1,0,4,3,3,4,3,1,5,4,5,0,3,0,4,1,4,5,0,2,4,4,4,4,3,5,4,4,2,2,1,4,3,2,2,3,3,4,2,1,0,1,3,5,5,3,0,1,3,3,1,5,5,3,1,0,2,0,3,5,3,4,2,3,2,0,3,0,0,2,3,4,3,1,2,4,5,2,3,5,5,3,3,3,4
mst75,2,1,5,1,5,5,5,1,3,1,5,0,0,0,4,5,5,2,5,2,3,0,3,3,4,5,0,0,2,3,1,0,0,5,0,5,5,1,3,2,0,5,3,2,4,0,4,4,1,3,2,3,3,1,5,4,0,3,0,5,3,0,0,4,1,2,1,5,2,5,4,4,5,0,0,5,5,0,2,0,1,0,3,0,1,1,4,0,4,4
mst76,4,5,3,4,1,2,3,1,2,1,2,1,5,4,5,1,4,2,4,2,0,1,1,1,0,4,0,1,2,3,5,0,1,5,0,2,3,2,2,3,0,4,4,5,0,2,1,2,2,2,5,1,1,4,0,1,1,0,0,1,5,3,1,0,0,5,5,4,0,1,5,4,4,3,2,0,5,5,4,5,3,3,4,4,1,0,4,3,5,0
mst77,2,5,0,2,1,1,2,4,1,1,3,1,3,5,4,2,0,4,5,2,5,1,5,4,3,0,5,4,3,2,0,0,3,5,2,2,0,1,4,4,5,5,3,3,4,5,4,4,1,0,4,4,5,1,0,2,4,5,1,3,5,5,1,3,3,1,5,5,1,0,4,2,5,2,3,3,0,5,3,3,0,2,3,1,1,1,4,3,0,0
mst78,5,4,0,0,3,0,0,2,2,2,5,4,1,0,1,5,4,0,3,2,0,2,4,1,5,1,0,1,5,3,4,5,5,2,3,2,2,2,3,0,1,2,3,1,1,2,5,1,3,1,1,0,2,1,3,3,4,5,5,0,5,0,4,1,2,5,4,1,3,5,2,3,0,3,0,4,4,0,2,1,1,3,5,0,1,4,0,5,5,0
mst79,0,3,4,3,1,5,4,1,5,4,0,3,4,3,0,0,2,3,3,1,3,0,3,4,4,2,4,5,3,3,4,2,2,4,2,1,2,5,0,5,0,1,0,0,5,0,0,1,3,3,3,4,1,4,2,2,5,0,3,2,0,3,2,3,3,0,5,3,2,5,0,1,1,2,3,2,1,3,0,3,4,0,4,5,1,3,4,0,5,3
mst80,4,4,2,5,0,3,2,0,1,2,3,3,4,5,5,5,1,5,3,0,0,5,2,0,4,5,3,3,5,5,4,5,3,1,4,1,0,0,4,0,3,3,2,0,0,4,1,5,3,1,0,1,1,1,3,5,5,1,3,5,1,2,0,5,5,4,5,2,0,0,3,1,3,3,2,0,4,1,1,0,2,4,5,3,3,4,5,1,0,4
mst81,5,2,5,4,4,1,1,0,1,5,0,1,3,2,2,0,5,0,2,0,5,3,0,1,2,0,0,5,2,1,3,3,2,3,0,4,0,4,2,3,3,3,2,5,4,1,3,5,0,5,0,5,3,3,4,3,1,3,3,1,3,0,2,5,5,4,2,4,0,4,5,2,5,2,4,3,3,4,5,0,0,0,5,1,1,4,3,2,5,5
mst82,3,5,3,4,5,1,4,5,4,1,2,1,2,0,5,3,5,4,2,1,1,1,2,5,5,3,0,5,2,2,4,2,0,0,5,2,5,0,0,2,0,4,3,5,2,2,5,1,0,2,0,4,2,5,0,5,4,3,3,2,0,5,4,4,0,2,3,5,1,2,4,1,2,2,3,3,2,4,0,4,1,0,4,3,1,0,1,1,1,4
mst83,0,1,0,4,1,1,5,5,0,0,2,3,4,1,4,0,2,4,3,3,1,5,3,1,4,5,1,5,3,0,4,5,1,2,5,0,1,5,4,4,1,0,5,1,2,3,1,3,0,4,0,4,0,2,5,5,1,1,1,4,0,0,3,0,0,1,5,0,3,1,4,4,4,3,4,3,5,2,0,2,1,1,0,0,0,3,2,2,0,2
mst84,4,4,0,4,3,0,1,5,4,0,2,1,3,5,4,5,4,1,0,3,2,0,4,5,0,3,2,5,3,0,1,1,1,1,4,2,3,1,5,1,0,4,2,4,0,0,3,4,1,3,5,2,3,2,0,1,1,1,2,0,3,4,4,5,5,5,2,0,3,0,1,3,0,4,0,3,0,0,5,5,2,4,4,0,0,2,3,1,1,2
mst85,1,2,5,3,5,1,1,0,1,0,2,0,5,3,0,2,1,0,5,1,2,0,3,2,0,0,5,0,3,0,0,3,1,1,1,1,0,2,2,2,4,0,3,3,4,0,5,3,4,0,4,3,0,3,5,4,3,1,1,1,3,1,3,3,3,2,4,2,2,3,5,5,4,1,3,2,5,5,2,3,1,5,5,2,0,5,2,4,1,5
mst86,4,3,0,5,4,1,4,5,5,4,1,1,0,0,3,4,3,1,2,5,4,1,4,0,3,0,0,2,1,2,0,0,5,0,1,0,0,3,2,3,3,3,4,4,2,2,2,4,5,5,3,4,3,2,2,5,3,4,3,4,1,1,1,3,0,0,4,3,1,5,2,1,4,0,5,5,2,4,2,1,3,1,1,3,0,0,0,0,0,0
mst87,2,3,1,4,5,4,3,1,2,0,4,0,1,3,0,4,1,3,2,3,1,1,4,4,4,1,3,5,3,1,5,4,2,0,5,0,4,5,4,2,3,3,2,1,2,2,4,0,5,0,2,0,4,5,5,0,0,5,3,2,5,0,4,2,4,2,4,3,5,3,1,0,2,1,3,1,1,1,3,4,4,0,4,3,2,3,0,1,0,5
mst88,0,0,0,1,1,4,2,5,2,5,5,0,5,0,3,3,1,2,5,4,1,0,5,2,3,3,5,0,2,3,1,5,3,0,3,0,3,5,5,0,3,5,3,0,0,1,0,0,1,1,3,3,4,1,0,0,3,1,1,4,1,4,2,1,4,4,3,1,3,0,3,3,5,4,4,1,2,5,0,2,5,2,5,4,2,5,0,0,2,3
mst89,2,0,4,2,2,5,1,5,2,3,4,0,4,4,1,4,0,2,2,0,2,2,0,3,2,0,4,5,3,3,0,1,1,3,5,5,1,4,2,0,3,1,0,4,0,2,3,1,0,4,0,0,0,5,1,1,4,1,2,4,4,4,4,5,3,2,2,5,5,0,2,1,4,3,4,5,1,5,5,2,5,2,2,1,4,4,2,1,0,1
mst90,4,1,4,1,1,5,1,1,3,0,2,3,1,0,5,2,5,3,2,1,0,0,1,3,3,1,1,5,4,3,4,3,3,5,3,3,2,3,4,4,3,3,4,4,3,5,4,3,1,2,2,1,2,5,3,2,2,3,1,1,4,1,4,3,3,1,5,3,0,4,5,4,2,3,5,1,5,5,4,2,2,5,3,1,3,5,5,0,5,0
